"islaidosVaisiams";"butinosIslaidos";"pajamos";"rajonoId";"atstumasIkiParduotuves"
0.55264716607673;14.083383988741;27.1976217672389;"2";1464.66699771618
0.352043570132186;13.3340536630728;9.23356048254358;"1";1610.16704945958
0.41054439096652;5.444672968536;9.32350585248842;"1";1553.04420636911
0.609335946811592;13.4877843946138;30.3525419571229;"1";1391.91687372238
0.620213786386003;13.9682753211176;30.6464386758047;"2";1335.35514006074
0.390109892744539;11.7340601203773;12.107559010339;"3";860.981545754901
0.187961257338145;8.16854704144199;6.17313951159883;"2";1635.87447723424
0.495999183243428;11.6493913896399;23.6746938269673;"1";1941.47137910556
0.179926831498763;NAN;7.14583693119205;"3";1688.17077091549
0.449495515462912;11.4359126101545;8.53776220041568;"3";1514.88528045562
0.350788811472417;13.055802172313;10.0319685967662;"2";1419.76812946914
0.208534517648885;7.50371581551663;8.89461239695992;"2";1618.56868063034
0.584985016349069;12.9940005875252;51.3885522307816;"2";2094.51326580174
0.439021440504208;13.1690819534587;14.3962656626453;"2";1382.01491819988
0.698103674656424;16.0675777004842;27.2207943262296;"3";1263.82109401736
0.22720884878148;8.42735135015806;6.08710796087126;"1";1776.56200796574
0.567128905948948;11.275689199145;32.4892523911462;"1";1251.27066957969
0.492417867994209;12.9475725156763;9.10333226051796;"3";1891.30904569054
0.215429425085076;7.96658355239149;6.63866675381796;"2";2052.64134472136
0.440562265288692;10.0936811683372;27.6360429613603;"2";1058.11920244268
0.359368771595147;10.995395615737;14.0673632995114;"2";1721.19109327287
0.563475944396209;12.757451659656;28.9101254267085;"2";1787.94282351322
0.374205166134543;11.1278977437587;12.5049514706717;"1";1670.74737830153
0.554735865092809;7.62363793418473;26.3555438535443;"3";1649.81954510632
0.486827568129251;9.18634469918485;13.7238179614691;"3";1692.07436451377
0.539352469137158;7.58318296632265;16.7626874623547;"3";1414.04066835041
0.115461550990706;6.09586112411781;5.80345434897875;"2";1580.39145844072
0.683730929604846;16.4526369688142;30.7668655891826;"1";1509.94028586879
0.283707518647501;6.00981377404757;24.3093153149403;"2";824.600295204701
0.471853781763881;15.4163995913829;6.45561304351251;"2";1256.68222326022
0.167984598401363;3.25564543052951;5.19835712486735;"3";1424.24355644367
0.554394381189883;12.1505481357262;7.16270485210135;"3";1908.11035834502
0.552734163046628;12.3567547916105;34.4756283052251;"2";1259.04668047237
0.523693784540518;11.4725446967905;6.02463432030292;"3";1822.01230421098
0.32439636838045;12.0792763456947;5.50371596394351;"2";1863.02176398035
0.579414108011962;8.73907198485789;26.8925362348433;"3";1438.44860327513
0.721967781905196;17.3141083819209;32.7695882676879;"2";2249.98791017601
0.651378533390829;11.5738378252587;29.6904414471164;"3";1779.81400524181
0.749824848224657;12.6771470809981;28.4701866813004;"3";1454.96837539404
0.399580622988067;9.58256395915048;6.44198901380196;"3";1349.32078377227
0.476950333883633;8.59099693958929;26.5264651053974;"2";1677.41946551174
0.514385765780087;15.5580348673662;28.960413609902;"2";1799.00148729221
0.331834659094346;2.77046414967849;6.3617326379863;"3";1760.65171531675
0.538978836801575;10.5490093195662;15.3407236875471;"3";1484.50781212001
0.556708736339816;15.2983831283561;18.7772903183925;"2";1707.78685068238
0.415443510007473;13.8648337345127;11.2805647650493;"1";1477.00220200498
0.35484231442724;5.82285699066773;13.7702955097447;"1";1674.61327791312
0.498467149791411;9.05137776575124;27.6667232318839;"2";1602.09112424808
0.483054557729188;9.90084136100141;33.8998255916816;"1";1512.37836369392
0.648888495197674;17.2387291920404;57.6061323687775;"2";1194.71750944319
0.330403078775214;10.5204076561365;12.5208754154936;"2";1176.74042183409
0.778766404914646;14.1516418145988;29.8572662232565;"3";1605.59884058139
0.4812011031761;9.07471731871731;29.7856477135434;"2";1600.71136473473
0.482181787911964;8.14386104575871;14.0371217364555;"3";2142.54025506323
0.263543976021566;11.4908229998593;12.385052456998;"1";1749.01078997535
0.587483686198444;14.7554936695822;7.39853533407651;"3";965.314581577624
NAN;12.2069176431628;22.2562359788489;"3";1539.91249721504
0.619339217411107;12.8535441370647;32.9230687481803;"1";1914.87882480244
0.395067663595748;11.2573098444945;11.9730945112139;"3";1332.09434773373
0.628428268937485;10.7162713144938;31.0797078437199;"3";1423.28231034654
0.262532141781093;5.22956600466684;9.80079387265942;"1";1408.13125825957
0.64484504358407;10.0001111842212;34.903597877997;"1";808.374644378972
0.311210002899891;8.43062217917687;14.5594825702879;"2";2014.94132940643
0.522167562723519;18.4975639308584;21.5910110988259;"2";1728.92686981509
0.570190794186543;14.4655922196169;34.3780207926826;"2";1602.18714308534
0.486041814582618;11.5499424466634;9.00455181645869;"3";1448.7140356639
0.617745968811945;9.99996456940317;32.2410488931471;"3";1203.3358972405
0.21903177480959;9.99741977167895;7.50937496937927;"2";1394.56308437998
0.325532442311846;11.4529296678096;13.4228682837099;"2";1612.65607358288
0.623890156013596;15.5364835241615;40.2504234281357;"2";2071.4850296816
0.371486234965565;8.24280801622848;23.7838291958729;"2";902.895915651868
0.521810533711645;14.567453603965;15.2840226348048;"3";1403.30675336471
0.501856279743675;15.572487811279;7.91389145196169;"2";1592.18213838758
0.521038184285822;13.3066620760578;12.2573196958425;"3";1168.45372263236
0.142982248089073;8.21109574956786;8.9982865145998;"2";1786.93935940869
0.569461415744544;10.607261544904;35.1278568484835;"1";1693.00221665196
0.335841124893199;9.24338689924453;8.04094196680623;"1";1967.48606254792
0.65894748131047;13.1687843896449;23.8964114387273;"3";1725.66515238104
0.6752634305005;13.7593865398406;30.9065173987458;"1";1750.37966194765
0.489210276981528;14.1331155253345;14.3319322283185;"3";1935.24191549502
0.547817799302132;12.2178757428664;30.0288209294994;"2";1462.36522918478
0.478777206466687;9.95907654144795;7.56306758453263;"3";1898.67832916602
0.287153788527251;10.3118331827311;14.773215415107;"2";1651.17618981759
0.671220669095855;12.3001140197514;33.2218827425942;"3";1454.58503288923
0.736612589052516;15.4437968365281;28.8975671909062;"3";1774.51011230353
0.791831906733667;13.9049926662924;31.6589098195785;"3";1494.781395849
0.387071917593851;8.64780930525624;14.7795113478647;"2";1157.0318694916
0.603747321740062;11.8256557019627;32.175907454169;"2";1935.54570147171
0.463708289605327;10.9720440253407;28.3703420723439;"2";1633.91664740158
0.497977901615132;14.1554523984361;17.5903310899322;"1";1202.2169703921
0.844692797722436;18.6198003323941;63.1297335589517;"1";1852.35556145789
0.487159154495982;15.6876434592781;15.4514614064508;"1";1901.69826110268
0.0939458891953061;4.90707325450499;5.90685333875646;"1";1493.59370176297
0.468573031234769;9.34275289744128;26.8604696198031;"2";2177.43559956102
0.429391167717149;16.1465330956737;11.1845733499382;"1";1658.20875506272
0.118143182121901;6.51148260459666;6.3043529086241;"2";1568.4625840443
0.523361922679681;13.0214498779405;29.3343480288323;NAN;1472.7072119264
0.506506050004818;18.0467451655933;10.2942829476248;"2";2132.7139399599
0.257089427540304;9.44565875672586;7.73061717322045;"1";1369.35787301359
0.345839090758952;10.9668300504757;6.6069778821332;"2";1670.9682584793
0.552834002420747;15.6836180804502;26.4479671815035;"1";1492.05679585539
0.487246362512447;11.8806858825291;31.2844185457826;"1";1885.35418520083
0.372650011896966;9.86822585083942;14.8735118166513;"2";1405.28898539567
0.607230490730492;13.4730277873519;28.2622870030113;"1";1564.78029601204
0.679290843048529;15.4848546699025;25.2419071636749;"1";2115.95876047583
0.409572299076563;9.03971786223979;7.19803674892909;"3";1521.67828498854
0.414476130019835;10.5199286170891;6.99775131732241;"1";997.749731107763
0.341770781544549;11.1908964790197;16.8501270043309;"2";700.018320503535
0.628242153453219;10.2451730327111;46.0459826170242;"3";726.784061143844
0.693049096047837;13.7681279012985;34.5949830453038;"3";1447.68865295255
0.61875376850934;14.1284819711203;27.123265186958;"2";1065.62283317459
0.503851337455117;9.33922148984034;23.7866012691431;"3";1953.91313626244
0.275660431737125;9.94165866747374;10.7889455261304;"1";1545.98232809671
0.572676186627314;14.5327146759583;29.7221901723773;"2";1525.50581281102
0.420245293779677;12.0408708967334;5.54446742093479;"3";2024.00576144556
0.626466919120529;12.201378709086;31.5057668108336;"1";1982.06513663344
0.151730081930912;4.8774229857048;6.43068921025153;"2";1659.6277964532
0.631947220078232;10.7291281831094;26.7964699584731;"3";1874.86889918739
0.535148738066976;12.4044347611066;25.7514782698321;"1";1452.52917278676
0.677246573264842;15.3405359924443;24.8793560469754;"3";1503.62419823969
0.59206743915443;16.7490748080632;17.9963799283087;"3";1390.72252655244
0.845385111953607;18.3343142110652;86.1209273061191;"1";1118.85122079062
0.609535001578064;16.9345665530123;27.5472127814967;"2";1521.97035393215
0.538082908276451;8.5544420425936;28.7195390390088;"3";1734.78603989573
0.701228131756261;12.4648848883396;39.0800274176053;"1";2030.58811286898
0.371630277011811;7.88270084070776;7.39892954324561;"3";1398.16982969112
0.643427116166604;16.4098885536036;31.1769328614243;"1";1760.2158687149
0.448214980246866;11.7139836604422;15.2944383549957;"1";1283.33440358828
0.373250156078681;13.4841758648333;12.4680121290334;"1";1711.80921746376
0.426184590464814;10.9786774250791;13.0484312489765;"3";1425.58192898526
0.651016271495926;11.7925736589952;37.2227542921167;"1";1441.53736928464
0.731470522639741;20.5120836942303;24.8585473517309;"1";1337.21530469299
0.125494855220588;5.86494866885004;6.05154523830975;"2";1498.29994428871
0.0531898377437525;10.522336191269;10.5317563188886;"1";1747.56983213027
0.399901642068342;10.7623421830052;14.0584422570209;"2";1271.96884534388
0.388518888321397;9.23355633955605;7.31381306212768;"3";1403.78582104419
0.178053834299836;8.68882790698335;5.15742350178495;"1";1484.72497561542
0.597318797950585;15.4189867606214;33.6997375543867;"2";1887.53576913925
0.589713806203721;10.9519157208265;39.5455178460874;"2";2053.77507922598
0.217824335060448;3.01714268102525;8.13448353916823;"1";1420.66064694745
0.662402886992235;13.5701715478867;17.7910304787311;"3";1803.14934214191
0.323170566516463;9.5274003058864;28.6890125529877;"2";1564.46191593397
0.399482926115835;9.6455414699063;8.10367034403436;"3";1438.15327641057
0.321813103006328;14.1498079444095;14.6141243091627;"2";1707.42999250345
0.595175509096078;13.0752825493995;21.992319132127;"1";1577.94082592487
0.469022572313016;14.3837722797068;11.2346731772518;"3";1873.20666107139
0.699573984588098;14.1853903716343;49.6241165910825;"1";1608.04850820262
0.266895716424868;9.97001280079661;8.70449721411274;"2";1748.46856853867
0.390872129366481;10.3793519366883;10.3080070006884;"3";1420.99276181429
0.54887509078187;9.08608664847383;19.1587566543496;"3";1824.67194637327
0.844716772958027;16.8488100233754;33.9386942373759;"3";1898.47664893749
0.158163743000479;6.35585452401799;5.77500672596154;"2";1625.80893305418
0.267449143808325;8.75469068033676;7.93372985063495;"1";1905.51649989203
NAN;9.450615645797;12.6187088957623;"1";1594.67177686236
0.310815841274788;10.3093973030525;5.35097688469331;"1";1014.62131670009
0.341548674115316;4.31743520190573;10.4944884778217;"3";1660.9380629909
0.395128479712501;11.2421185001513;8.80684556372162;"1";1526.88269306942
0.290544486959497;14.2822665215053;14.9158057479404;"2";1428.32046333474
0.582577955680796;13.7483614384712;34.8848669334281;"1";1623.53863729371
0.53491440942803;11.2917619456092;28.1270957111649;"1";1494.4799220228
0.847867819444216;20.7578953774053;35.2635573278967;"1";1410.10671125647
0.247217596456115;4.10198721205276;8.62044223397712;"1";1622.66407460757
0.491017474199025;12.7679582664403;23.6992237762094;"2";1094.70117412683
0.597190430494843;12.6935283625629;46.205199674712;"2";1406.03056212672
0.611227669921433;12.8348185417177;27.9157120591978;"1";1193.78982980373
0.698757944249399;14.9197265098465;31.4911379577036;"2";1635.39916217327
0.520840155778663;15.2085293666641;15.8155737954299;"3";1530.96139838077
0.733168768729623;15.3351591995743;27.5810968714563;"1";1845.96600276332
0.767139505339049;12.5885359723954;44.3825505370795;"3";1494.32606672537
0.28509272852004;6.62671845130713;7.30269837219372;"3";1625.56161187596
0.790572604050322;14.9506293671204;28.9230974617915;"3";1541.69739952049
0.609653857418573;9.89394684456728;30.3264651676266;"3";2039.81811155499
0.273743846977954;11.1273754066448;8.92944172560577;"2";1414.43190312095
0.275034701068216;8.53226149744485;13.2447417876446;"2";1826.78226492503
0.516927729884437;12.7239300421573;26.2933195186359;"2";1811.5475550033
0.157724325000494;8.98070140293457;11.0240714875826;"2";1828.21538124324
0.523634714528255;11.1816400736329;30.1889419958554;"2";1708.43808437849
0.284822671862159;8.0014064101872;11.7889127046389;"2";1538.03453529653
0.537149978854127;12.3068038464579;21.4402312346562;"2";1724.07974807632
0.478819628044535;9.33012312651358;27.7081733364445;"1";1252.38972860917
0.764993665229604;16.6810163856461;24.683369330144;"3";1753.90733517445
0.264932473463519;7.70689520767479;10.7849825137748;"1";1049.76766845682
0.38992854931585;13.8757251114405;8.0293768156235;"2";1646.58309191615
0.500432516145117;10.3217451708658;25.6724356867331;"1";1582.33279568077
0.249077134364307;7.16572634649244;6.07737442145426;"1";1513.27180931705
0.344689108852177;11.8609973212884;9.48886260511118;"2";1657.0885558249
0.568958489672002;11.9939107394;35.5496014485682;"1";1686.3947551805
0.640894373240342;17.2910041001528;8.11058726851617;"3";1741.16945178757
0.407290592162153;10.4041977974677;5.58187526392095;"3";1479.63440503297
0.528836243596089;11.620784279107;18.145217458619;"1";1855.61436719283
0.534388077830249;11.3025640255276;31.072226547908;"2";1869.36235264427
0.669567253432597;11.9404956737866;28.3765704425458;"1";1536.54846833048
0.172305409177664;7.29454745794807;7.55241380861942;"3";1351.79748012923
0.286158073681647;10.6005819897699;10.4010297423167;"1";1517.78826106694
0.505729162920104;12.8735974702167;7.189050202516;"3";1853.24249088944
0.689586112605821;13.2304304366286;39.9860669237398;"1";1818.29916141405
0.635532894512408;15.419264985799;33.0035441183621;"1";1311.7811107438
0.478621589748968;14.5354562462228;9.10950560530659;"1";1389.77984667112
0.175081021165457;9.1920420723137;9.53871749958556;"1";1719.43115322423
0.637018859316763;16.5001781503284;24.0725995770134;"1";972.526299041095
0.756152278807294;15.0716978760153;40.9940517444186;"3";1578.11705216046
0.241396500494572;8.41131114924927;8.17073570264174;"1";1699.23669319722
0.505513134937269;11.9352912283879;20.1231554453015;"1";1625.57086462883
0.747811183193207;13.9996924511805;32.7159702961604;"3";1200.84802476361
0.387262919189514;11.8235223423943;7.21157753453301;"1";1359.05382996107
0.373377272864032;10.0474235678441;15.7588879202336;"2";1366.51757004779
0.519745068691698;18.0391481010784;12.9042654679237;"1";1742.8651780473
0.395453400614675;10.1617349267758;7.79907182889963;"3";1498.81926100943
0.677476671579198;10.6913017382665;38.2545373366834;"3";1342.56854261402
0.441953525120299;11.1354973957517;11.8749680472206;"3";2059.1250506978
0.673848488278003;19.68314876843;30.5962261821379;"2";1211.22154210261
0.696628566529506;11.6843920683033;39.6575507110204;"3";1647.89929364519
0.44345699546047;7.76752952140211;36.1623793924267;"2";1408.16790362392
0.633262026026345;12.004037412809;44.9799392728883;"1";1762.66510725074
0.311595965132346;9.5851400095258;10.392767229913;"3";1471.49411025459
0.685559141486148;10.9459391726581;38.5710324736721;"3";1898.90254204308
0.402256271728002;8.55367633758373;16.1369745967504;"3";1456.63789452457
0.722004844394087;16.3930896972532;26.3846701503006;"3";1335.38900853855
0.186238088912148;4.30744601367092;8.87957560471365;"1";1851.51236727105
0.367778606191711;11.504819406001;23.576421388411;"2";1555.18170482597
0.410555776488683;8.51701971785312;27.1301326035101;"2";2095.71613381948
0.350400388318006;12.8082164201904;9.39266742303991;"2";1146.25493259161
0.426598182824587;8.25822235388518;10.0946811746691;"3";1653.10514482565
0.223537242739231;9.43992169192867;5.97068355252028;"1";1356.89591652878
0.386426652109211;9.94516487934538;8.3527772459184;"2";1716.95054303953
0.350522597451481;8.65646350837537;11.5704284405519;"2";808.323540591146
0.191620189320369;7.88931527441303;8.68523474015848;"2";1583.088140823
0.449125912757719;11.7163172676423;6.84353093957987;"3";1450.08086405745
0.692261768048192;13.7576305943045;34.4232524948846;"1";1255.42806012449
0.35207908042381;11.4987446368665;9.83295479825889;"1";1421.96901321949
0.564702432664209;9.56465020261553;15.4549019540695;"3";1519.50779977769
0.408697139167597;7.71631033587114;29.5484020301707;"2";1720.75532693001
0.733827533474476;11.5688910049189;31.0726941331461;"3";1468.49862917351
0.480247514929991;12.0801686216148;26.3073614763021;"2";967.656424789563
0.585802934392637;14.7915787869474;27.1280565511837;"2";1972.00340813874
0.567859765433744;13.7515820318221;23.4149193384738;"1";1714.25615242855
0.431332623889747;11.9588581698646;13.6283134569628;"3";1276.6096965048
0.658045321791986;17.1145910757973;32.0949120246223;"2";1606.54539081061
0.504132657621152;10.3176498958555;14.74973971845;"3";1893.66929985264
0.550916809651884;12.5996126874775;21.6638185183265;"1";1179.9283101609
0.548887993720886;13.331919180173;26.05689014573;"1";1527.41139899722
0.266673419944294;7.66579139564322;11.2513943776071;"2";1580.21404220056
0.598495165606213;9.34633796222086;46.5905002580012;"3";1750.34943013136
0.510578212102334;10.8958531462963;17.9889966823659;"3";1447.46605933122
0.28160533237684;8.28753912216586;13.8076314937654;"2";1448.37136469106
0.540772346606273;14.5971092174205;9.96031965713739;"3";1768.61342631411
0.389256414591557;9.12699097494703;11.2727340568888;"1";1400.59791205288
0.327666126823662;8.20276641052486;7.97444921356408;"3";1652.67636638232
0.311213515438625;8.20366347726227;8.43780919869853;"3";1754.50879256976
0.472340703914168;9.90707732031548;15.8428510369726;"1";1015.67009257109
0.496040502820035;9.20987784605046;28.1219856416511;"3";1511.93340752238
0.560591091088266;13.5518501681686;21.6095739567462;"1";1545.28243094899
0.15742098284718;11.5612394378782;11.7461277690122;"1";1807.33367545523
0.168439916692062;3.26109812357321;8.389318375927;"2";1338.28111900774
0.438980423788462;11.6435489231757;5.97361118631641;"3";1487.23983277172
0.340214241311738;7.89781871767371;8.23837862462115;"3";2044.36290624066
0.503280103751582;10.9882907605561;18.8234615423983;"1";1917.11375049186
0.68458937212749;14.5810585304455;33.1537705782528;"3";1234.42063669007
0.338178963595402;12.2382357079305;7.56490562496848;"1";1665.26346064858
0.537055188654573;9.57139070499028;22.335489985547;"2";1810.55860786909
0.568424858707856;9.13302404862598;19.3486700434539;"3";1577.37774779712
0.599031525660924;13.6886683352667;27.5506477343076;"2";1121.67989772412
0.482803378292259;14.1599142267205;7.32073556818526;"1";1487.19926682287
0.250886866480648;8.0011526555306;10.5899740275476;"2";1690.34009370162
0.796720943568041;21.5150922795257;41.4653948691555;"2";1512.98800193532
0.375780025144913;10.4701482977533;10.9922047278852;"1";2017.02139242446
0.321180833013536;13.7517610495989;7.08315669087148;"1";1343.76189897633
0.598291037581374;11.0765180182115;15.3999564668218;"3";1600.57250689274
0.484923298738322;11.0635092418543;14.2330994335593;"3";2010.5936033912
0.661626194462975;16.4424154231364;30.4460361153665;"2";1479.64943291954
0.608677500271918;12.7226339596332;29.9028094140983;"1";1477.61382506959
0.79032010495424;16.4432083669375;113.86877338194;"1";1740.63687982547
0.48357341727463;12.1691546089239;19.0471446944647;"2";924.983487621415
0.479392541621391;12.0280207552226;23.0236282510027;"2";1139.39139980451
0.252367477000352;7.78285059110937;9.36847735925164;"1";1805.22500453646
1.04548874457846;21.9959398758608;113.087504676046;"1";1464.64094504411
0.924300367587828;18.6167949302806;30.8740135008063;"3";1551.64614653703
0.0310387203605819;6.14272660192418;7.23895439366978;"2";1161.28324291313
0.310447482844674;6.37870196308829;25.193111410747;"2";1747.82379354281
0.522069080574847;7.45951881572916;14.0826622881551;"3";1544.85724477568
0.514424194769466;14.079721964299;21.6626245120717;"2";1404.52532854716
0.57963614975202;14.5012078266004;33.6824798238672;"2";2122.60177497889
0.76556321117476;13.5291443823179;48.9187868698467;"3";1486.42366580059
0.290085837052067;11.9267870469555;8.15978176217074;"2";1529.35245363714
0.756484339871386;14.3857159474462;30.5907225552334;"3";1694.84322622245
0.578834931795242;11.9836099581268;30.6701932268423;"1";2108.40756389605
0.685712353908053;16.7326677343835;31.105097342805;"1";2020.03600696959
0.82846453208954;15.8206373270196;38.2042308298874;"3";1825.13766302148
0.47122037665493;8.61366177001296;28.9047481053326;"1";1350.124767704
0.449229446711996;13.4165503271481;9.84694800306464;"1";1566.96076764858
0.629277107394302;14.4165413082326;35.8419193653455;"1";1603.76200918228
0.578025476155933;16.8249982368798;12.8709669721846;"3";1200.95464677886
0.602024146910355;10.9362943604994;35.7263155519018;"1";1309.16769107217
0.630059181691345;13.4278628286027;27.1126599947022;"1";1163.63768504547
0.533193517696716;11.9405153598802;23.4411398932588;"1";1335.52613067977
0.282681381731351;6.98127008751988;8.15306124302485;"1";1451.83119237142
0.547940024216415;13.7027260104445;39.3342592235343;"2";1619.52771590208
0.444025583716275;11.9567416483631;8.4548737082733;"3";1488.6100674321
0.271666481180562;8.87992011636431;9.99046224777689;"2";1715.86823563164
0.170316361077959;5.65883253426343;11.1851872744761;"1";1585.24940684999
0.399353670020257;11.2786295824566;NAN;"3";1076.63534392218
0.592227105131538;13.1176962206592;14.0864374751221;"3";1382.3030690937
0.593437601450648;17.4816514154172;25.3073064819655;"2";1114.80174831521
0.64064054771808;11.4769141346829;24.7374336033063;"3";1537.62576331815
0.356284991583545;13.7046808506885;10.111892362042;"2";1581.50881050206
0.360652920837004;9.16523697690929;16.3229088846566;"1";1166.28152606004
0.640345466728453;14.4949262815397;16.1157787872172;"3";1068.54218009015
0.238977245790415;7.08592364069742;10.8105458854764;"2";1597.58592214925
0.652336337929083;13.8232993419189;36.1833752320829;"2";1840.23349143748
0.46084653882733;8.74294221511548;22.1000784393804;"2";1567.5172248869
0.570211130412012;11.8851538230417;30.7799345849186;"2";1471.94120069316
0.20968223384268;11.3941906200269;5.48988255314702;"2";1355.27385005596
0.43985032553116;14.4813387823333;12.4735463401416;"1";1425.42046564815
0.469646396826364;8.59430991464918;26.9924664599661;"2";1514.19982439561
0.322756447119122;10.9491011725718;10.9199427473451;"2";1813.5010085584
0.565050076293475;14.0847076966046;20.5025710592378;"1";1691.81854834508
0.686554969704119;18.3203117990009;29.4716433299811;"2";2337.88310711789
0.704868509519465;17.3073407267671;23.7067568596991;"1";1548.22197891764
0.304845434177947;8.17609336556264;16.2699897555391;"2";1787.74634281474
0.510668152228632;12.8707015450452;11.0790197067728;"3";1683.26189684567
0.426508959314701;10.2096100447496;12.4403164192344;"3";1432.68085912137
0.262431979704905;5.69921172542205;9.58100915673844;"2";1859.52705840443
0.491743567714127;14.7187692483679;23.3061285638251;"2";1339.26051769531
0.179710031525499;5.53558306937553;5.76348088110285;"3";1498.44455621043
0.584207451321273;13.556201140856;27.3854381184329;"2";1358.78346887037
0.307718949035811;10.6660522281117;5.78364433265026;"2";1416.73573944655
0.363007115680216;11.3459873065437;9.74853187368447;"1";1832.11838046411
0.544242892454775;12.4444871600477;23.9396504285148;"1";1541.20635223747
0.784417893388701;17.6223577439079;36.677588075297;"1";1620.46802293563
0.0425035928790372;6.52100613202319;6.36540457679405;"2";1349.58721762866
0.830873152573217;17.7378517415839;35.0877931847605;"3";1760.13956302521
0.345244295642372;13.0756120519905;13.3174493750149;"1";1448.41704062043
0.700023706387487;14.3641729649414;26.3919777978199;"1";1776.92355874651
0.266821108301616;9.64309711059384;7.74998763344967;"2";1482.19520790673
0.283428572731922;7.50729591290259;8.82513059903813;"1";1435.67097786929
0.553152423411464;16.5268488162536;12.2641976624228;"3";1183.64306735139
0.655203085204392;15.6947572583664;40.0318266537352;"1";1603.25078899267
0.548609700856607;13.3915836467804;36.0779851640893;"2";1639.32623464172
0.358305308215912;12.8318827686087;11.2218875138045;"1";1281.3997741345
0.453455832165704;13.2216967727376;7.65202524386005;"1";1838.18022606897
0.618695694508951;13.1076626048762;33.1209373601033;"2";1565.74200902727
0.3978657176796;8.16318907889202;9.16449618448167;"3";1865.11787414413
0.578426020283685;14.170213486957;38.3552741443147;"2";1905.94093033591
0.200819210965673;9.6336622545404;9.82409912795558;"2";1072.56742910257
0.323993614707891;12.2803487424729;13.7168968822566;"2";1463.46991658565
0.406514926916075;10.3308822870858;21.2338132042887;"2";879.449612145153
0.224063596445765;9.50816952467519;7.5505148947333;"1";996.520279543878
0.493021840042515;9.33359218089427;27.1407497105222;"1";1568.3994491854
0.246944886510533;10.2000253338234;8.18586486324679;"2";1872.61346012956
0.63307513799466;9.66648689635124;29.1004688447623;"3";1290.30527664703
0.214925425228543;8.14877198301405;6.9182862639607;"2";1677.52029437728
0.595137333404317;11.1075302050589;13.7103283176693;"3";2197.38120377298
0.502432617526563;8.7574597868683;27.8636035639729;"1";903.937732997718
0.231747909748587;8.89520061234496;7.13025096888526;"2";1741.38330668235
0.299615826802912;13.4476704397012;8.39787065586449;"2";1303.26236381328
0.345235098780369;7.43595256943032;20.1354151458856;"2";1603.96860543154
0.621754230778003;15.325088728393;8.27118826406449;"3";1642.70243417417
0.812485454575144;17.3100652060037;29.83481920362;"3";1771.99832407923
0.540468089178048;14.642877083137;17.6705090311999;"2";1691.2351284785
0.732751969763621;16.4660147381824;42.8572907293332;"2";1549.11899171734
0.248422339211468;7.61263312471177;7.05853976189191;"1";2085.89082276307
0.385381204158202;13.2769963557491;14.8515469328647;"1";1197.37795104334
0.609376209104431;11.0445077749749;31.3688324551827;"3";2189.7077955333
0.445291342890758;11.1022584742995;7.80184232563508;"3";1460.9586643738
0.777583957726921;15.3115515255716;34.0882972318704;"3";1774.80627414532
0.252412840208271;9.51480517441566;11.9744235878599;"2";1421.29478337469
0.603943461739027;12.7878295559826;31.8908388610425;"1";1951.42040788865
0.534019272230724;11.5952455587616;9.0283523682059;"3";1519.38777566487
0.593557817316382;13.497705547787;34.2846150544966;"2";1671.62015003419
0.608201726303666;11.7944215657148;27.6948083055782;"3";1544.10216211595
0.326756948982498;10.5333023996038;12.5511554857665;"1";1906.41721673915
0.767224143501456;15.455094880055;157.243407253769;"1";1602.78839796186
0.56643640383802;12.4821160746325;27.6800637851699;"2";1632.35394000298
0.791111993441696;14.2775017896034;34.1268993137962;"3";1234.53994123753
0.724987874583287;12.7589177548794;32.5506627343933;"3";1453.97750198214
0.303837030143772;8.9666869605529;6.16699735228881;"1";1685.69981242324
0.327918467720658;13.2563442592139;8.83666199623406;"1";2339.38431039748
0.573422604589001;9.66094192176439;26.6145221451611;"3";1302.8249031977
0.359643915156959;9.40732684399612;29.9284629341654;"2";1913.71897319661
0.524765483971873;10.1389341539661;23.5298263242364;"1";1899.46710582033
0.431587061423789;14.1900894258437;13.722046479491;"2";1736.66334133051
0.826235964332684;22.8432602361759;30.9511515784623;"1";1709.34956729878
0.401130457344413;15.0105352044767;14.562933694807;"2";1126.02145693524
0.332809572460345;10.1691923829128;14.5935746716503;"2";1701.37274074244
0.203713995372611;8.08376968921559;9.0741218980414;"2";2054.16470302108
0.524766582180419;8.67096403484646;36.8928506847962;"1";1498.24161625746
0.639450955857349;15.6889811593962;32.2811820158991;"2";1577.15327673284
0.406144119934061;9.26269148189364;14.3964064779957;"1";1851.3940729257
0.219970493326906;6.77466695615805;13.8747385653131;"2";1717.80888188953
0.460593156004097;9.10432766213123;18.6367701348687;"1";721.639490974371
0.804517182196763;17.6690321379606;60.308985952409;"2";1582.93754687024
0.463007800757369;15.549888252616;16.516445165025;"2";1539.29679232993
0.334449259440205;8.01638449162577;10.186167453507;"3";1869.67814699497
0.170492724070943;6.46447570315251;7.44827666463878;"2";2037.4812108492
0.596747696258439;10.6603603583714;27.1321986461586;"3";1602.72561982893
0.728923439537894;12.3446582235331;34.6400515895941;"3";1838.44557739071
0.275585618090622;10.6570356126638;8.50598139242705;"2";1992.30765064612
0.53270728866881;12.9252316186193;34.2286577009465;"2";2149.16614631851
0.361020857603362;4.21359509889943;12.9949656490957;"3";1541.96404179681
0.482221353528502;10.7405661755543;25.7681986675944;"1";1144.51345096492
0.743592099321755;16.7438756351273;29.6322199043176;"2";1889.29190428318
0.165717505032439;8.95017477169601;6.28042691447543;"2";977.219522722904
0.47895107856091;9.64290914840059;26.8262586754555;"2";1050.94028121817
0.243572502510691;9.03395836942495;8.73504650437796;"2";1969.36130108222
0.70840230649808;17.7193550356568;33.3534798436696;"1";1579.05473210508
0.115210529680754;10.6544905934625;10.8484030932196;"2";1981.67416401706
0.688217409347287;15.9088627332248;28.2512288039437;"3";1806.65938915083
0.660670420370468;15.5962402612307;33.7820321927274;"1";1446.14628881135
0.164806800714872;5.17857796102573;7.74857922683242;"3";1656.08593320536
0.356761717625371;8.22575641262636;12.4223885979733;"2";1527.3085031049
0.525775186994903;12.5887041105443;32.4611428503222;"2";1891.13202058459
0.367234598791036;11.143128022441;7.28036580896326;"1";2017.81228131099
0.652989653814327;9.79734008500136;33.2662883973569;"3";1768.73399622262
0.564622722020458;12.6318418956134;29.3864566951131;"2";1212.42471497682
0.250871936576122;6.8780677863341;9.74395017420994;"1";917.944739112675
/ Domenys apie namu ukiu islaidas vaisiams:
/   islaidosVaisiams - islaidos vaisiasm per metus
/   butinosIslaidos - namu ukio butinosios islaidos., t.y. islaidos maistui, bustui ir transportui
/   pajamos - namu ukio pajmos
/   rajonoId - namu ukio gyvenamojo rajono indetifikavimo numeris
/   atstumasIkiParduotuves - atstumas iki prekybos centro
/  dingusios reiksmes zymimos NAN zymeniu
